<?xml version="1.0" encoding="UTF-8"?>
<!DOCTYPE hibernate-configuration PUBLIC
		"-//Hibernate/Hibernate Configuration DTD 3.0//EN"
		"http://www.hibernate.org/dtd/hibernate-configuration-3.0.dtd">
<hibernate-configuration>
    <session-factory>
        <property name="hibernate.connection.driver_class">com.mysql.jdbc.Driver</property>
        <property name="hibernate.connection.password">826068282282</property>
        <property name="hibernate.connection.url">jdbc:mysql://localhost:3306/expenses</property>
        <property name="hibernate.connection.username">root</property>
        <property name="hibernate.format_sql">true</property>
<property name="hibernate.use_sql_comments">true</property>
        <property name="hibernate.dialect">org.hibernate.dialect.MySQLDialect</property>
   		<mapping resource="com/java/jsf/Users.hbm.xml"/>
   		<mapping resource="com/java/jsf/TravelGroup.hbm.xml"/>
   		<mapping resource="com/java/jsf/GroupMembers.hbm.xml"/>
   		<mapping resource="com/java/jsf/DailyExpenses.hbm.xml"/>
    </session-factory>
</hibernate-configuration>
