<?xml version="1.0"?>
<!DOCTYPE hibernate-mapping PUBLIC "-//Hibernate/Hibernate Mapping DTD 3.0//EN"
"http://hibernate.sourceforge.net/hibernate-mapping-3.0.dtd">
<!-- Generated 04-Oct-2023, 9:34:49 am by Hibernate Tools 3.5.0.Final -->
<hibernate-mapping>
    <class name="com.java.jsf.DailyExpenses" table="Expenses">
        <id name="expId" type="int">
            <column name="expId" />
            <generator class="identity" />
        </id>
        <property name="groupId" type="int">
            <column name="groupId" />
        </property>
        <property name="expenseDate" type="java.util.Date">
            <column name="expenseDate" />
        </property>
         <property name="expenseDescription" type="java.lang.String">
            <column name="expenseDescription" />
        </property>
         <property name="paidBy" type="int">
            <column name="paidBy" />
        </property>
          <property name="amount" type="double">
            <column name="amount" />
        </property>
    </class>
</hibernate-mapping>
