<?xml version="1.0"?>
<!DOCTYPE hibernate-mapping PUBLIC "-//Hibernate/Hibernate Mapping DTD 3.0//EN"
"http://hibernate.sourceforge.net/hibernate-mapping-3.0.dtd">
<!-- Generated 04-Oct-2023, 9:34:49 am by Hibernate Tools 3.5.0.Final -->
<hibernate-mapping>
    <class name="com.java.jsf.TravelGroup" table="TravelGroup">
        <id name="groupId" type="int">
            <column name="groupId" />
            <generator class="identity" />
        </id>
        <property name="createdBy" type="int">
            <column name="createdBy" />
        </property>
        <property name="groupName" type="java.lang.String">
            <column name="groupName" />
        </property>
        <property name="startDate" type="java.util.Date">
            <column name="startDate" />
        </property>
        <property name="endDate" type="java.util.Date">
            <column name="endDate" />
        </property>
          <property name="initialAmount" type="double">
            <column name="initialAmount" />
        </property>
    </class>
</hibernate-mapping>
