<?xml version="1.0"?>
<!DOCTYPE hibernate-mapping PUBLIC "-//Hibernate/Hibernate Mapping DTD 3.0//EN"
"http://hibernate.sourceforge.net/hibernate-mapping-3.0.dtd">
<!-- Generated 04-Oct-2023, 9:34:49 am by Hibernate Tools 3.5.0.Final -->
<hibernate-mapping>
    <class name="com.java.jsf.Users" table="Users">
        <id name="userId" type="int">
            <column name="UserId" />
            <generator class="identity" />
        </id>
        <property name="userName" type="java.lang.String">
            <column name="userName" />
        </property>
        <property name="email" type="java.lang.String">
            <column name="email" />
        </property>
    </class>
</hibernate-mapping>
